{
  "hash": "73193560",
  "configHash": "e67a7152",
  "lockfileHash": "b0214712",
  "browserHash": "9cf59392",
  "optimized": {
    "@angular/cdk/bidi": {
      "src": "../../../../../../node_modules/@angular/cdk/fesm2022/bidi.mjs",
      "file": "@angular_cdk_bidi.js",
      "fileHash": "453bf1e7",
      "needsInterop": false
    },
    "@angular/cdk/scrolling": {
      "src": "../../../../../../node_modules/@angular/cdk/fesm2022/scrolling.mjs",
      "file": "@angular_cdk_scrolling.js",
      "fileHash": "f660cf2a",
      "needsInterop": false
    },
    "@angular/common": {
      "src": "../../../../../../node_modules/@angular/common/fesm2022/common.mjs",
      "file": "@angular_common.js",
      "fileHash": "cbbe5d7c",
      "needsInterop": false
    },
    "@angular/common/http": {
      "src": "../../../../../../node_modules/@angular/common/fesm2022/http.mjs",
      "file": "@angular_common_http.js",
      "fileHash": "818f0e37",
      "needsInterop": false
    },
    "@angular/core": {
      "src": "../../../../../../node_modules/@angular/core/fesm2022/core.mjs",
      "file": "@angular_core.js",
      "fileHash": "8d58424d",
      "needsInterop": false
    },
    "@angular/forms": {
      "src": "../../../../../../node_modules/@angular/forms/fesm2022/forms.mjs",
      "file": "@angular_forms.js",
      "fileHash": "4b8c6fbc",
      "needsInterop": false
    },
    "@angular/material/button": {
      "src": "../../../../../../node_modules/@angular/material/fesm2022/button.mjs",
      "file": "@angular_material_button.js",
      "fileHash": "12a5bfda",
      "needsInterop": false
    },
    "@angular/material/card": {
      "src": "../../../../../../node_modules/@angular/material/fesm2022/card.mjs",
      "file": "@angular_material_card.js",
      "fileHash": "1f14149d",
      "needsInterop": false
    },
    "@angular/material/icon": {
      "src": "../../../../../../node_modules/@angular/material/fesm2022/icon.mjs",
      "file": "@angular_material_icon.js",
      "fileHash": "d892b870",
      "needsInterop": false
    },
    "@angular/material/list": {
      "src": "../../../../../../node_modules/@angular/material/fesm2022/list.mjs",
      "file": "@angular_material_list.js",
      "fileHash": "58b114f9",
      "needsInterop": false
    },
    "@angular/material/sidenav": {
      "src": "../../../../../../node_modules/@angular/material/fesm2022/sidenav.mjs",
      "file": "@angular_material_sidenav.js",
      "fileHash": "8438a6e0",
      "needsInterop": false
    },
    "@angular/material/toolbar": {
      "src": "../../../../../../node_modules/@angular/material/fesm2022/toolbar.mjs",
      "file": "@angular_material_toolbar.js",
      "fileHash": "db7fc1c0",
      "needsInterop": false
    },
    "@angular/platform-browser": {
      "src": "../../../../../../node_modules/@angular/platform-browser/fesm2022/platform-browser.mjs",
      "file": "@angular_platform-browser.js",
      "fileHash": "35f6e3ea",
      "needsInterop": false
    },
    "@angular/router": {
      "src": "../../../../../../node_modules/@angular/router/fesm2022/router.mjs",
      "file": "@angular_router.js",
      "fileHash": "a584f674",
      "needsInterop": false
    },
    "rxjs": {
      "src": "../../../../../../node_modules/rxjs/dist/esm5/index.js",
      "file": "rxjs.js",
      "fileHash": "7a9b7eb4",
      "needsInterop": false
    },
    "rxjs/operators": {
      "src": "../../../../../../node_modules/rxjs/dist/esm5/operators/index.js",
      "file": "rxjs_operators.js",
      "fileHash": "9851d26c",
      "needsInterop": false
    },
    "zone.js": {
      "src": "../../../../../../node_modules/zone.js/fesm2015/zone.js",
      "file": "zone__js.js",
      "fileHash": "31f19a46",
      "needsInterop": true
    }
  },
  "chunks": {
    "chunk-JZU6ZQ4U": {
      "file": "chunk-JZU6ZQ4U.js"
    },
    "chunk-QAV65FMC": {
      "file": "chunk-QAV65FMC.js"
    },
    "chunk-NXTOEQCX": {
      "file": "chunk-NXTOEQCX.js"
    },
    "chunk-RSPUADW5": {
      "file": "chunk-RSPUADW5.js"
    },
    "chunk-Z5AJFYUR": {
      "file": "chunk-Z5AJFYUR.js"
    },
    "chunk-TIMNH35Q": {
      "file": "chunk-TIMNH35Q.js"
    },
    "chunk-54I2HKZR": {
      "file": "chunk-54I2HKZR.js"
    },
    "chunk-EOFW2REK": {
      "file": "chunk-EOFW2REK.js"
    },
    "chunk-JZLW7JDR": {
      "file": "chunk-JZLW7JDR.js"
    },
    "chunk-OD562BIP": {
      "file": "chunk-OD562BIP.js"
    },
    "chunk-RM6E4W2B": {
      "file": "chunk-RM6E4W2B.js"
    },
    "chunk-R7JFBUJZ": {
      "file": "chunk-R7JFBUJZ.js"
    },
    "chunk-I7P5IMQC": {
      "file": "chunk-I7P5IMQC.js"
    },
    "chunk-636JCMZ5": {
      "file": "chunk-636JCMZ5.js"
    },
    "chunk-ONJW5VE5": {
      "file": "chunk-ONJW5VE5.js"
    },
    "chunk-G6ECYYJH": {
      "file": "chunk-G6ECYYJH.js"
    },
    "chunk-YVXMBCE5": {
      "file": "chunk-YVXMBCE5.js"
    },
    "chunk-RTGP7ALM": {
      "file": "chunk-RTGP7ALM.js"
    },
    "chunk-WDMUDEB6": {
      "file": "chunk-WDMUDEB6.js"
    }
  }
}